{
  "losses": [
    1.3637494516372681,
    1.1804239058494568,
    1.0184826183319091,
    0.9411078977584839,
    0.8555033159255981,
    0.8266012787818908,
    0.8041472649574279,
    0.8061459803581238,
    0.7613596105575562,
    0.7561445164680481,
    0.7800755190849304,
    0.78680832862854,
    0.6992435848712921,
    0.7579202151298523,
    0.7267575645446778,
    0.724311158657074,
    0.6941749310493469,
    0.6879880487918854,
    0.7190010595321655,
    0.7149553084373474,
    0.7068994736671448,
    0.7152149176597595,
    0.7019850564002991,
    0.7003360199928284,
    0.7258377432823181,
    0.7362006139755249,
    0.6962306475639344,
    0.6959234583377838,
    0.6904343414306641,
    0.6950043559074401,
    0.662104799747467,
    0.6891830396652222,
    0.6742728424072265,
    0.6846828532218933,
    0.7074965095520019,
    0.6948695683479309,
    0.7028657484054566,
    0.6904332661628723,
    0.7053545475006103,
    0.6948490989208221,
    0.6705585551261902,
    0.6867056071758271,
    0.6417381572723388,
    0.690965895652771,
    0.6746337807178497,
    0.6706802797317505,
    0.7085529375076294,
    0.6765151226520538,
    0.6482342648506164,
    0.687874139547348,
    0.672202261686325,
    0.6692961621284484,
    0.6662183368206024,
    0.6696967530250549,
    0.69130868434906,
    0.6789039993286132,
    0.6771838235855102,
    0.6721517658233642,
    0.6628045260906219,
    0.6744784188270568,
    0.6757381808757782,
    0.669613561630249,
    0.690396671295166,
    0.6294933927059173,
    0.6871374297142029,
    0.6455560100078582,
    0.6697561907768249,
    0.6965312218666077,
    0.6738619148731232,
    0.66670259475708,
    0.6815015530586243,
    0.6822728323936462,
    0.6582640504837036,
    0.6656600093841553,
    0.6755052018165588,
    0.6671441912651062,
    0.655869927406311,
    0.6615420579910278,
    0.6400221705436706,
    0.6750763463973999,
    0.652530243396759,
    0.6617384433746338,
    0.6160535442829133,
    0.6806955885887146,
    0.676400158405304,
    0.655264503955841,
    0.6357659137248993,
    0.6676779890060425,
    0.6586804449558258,
    0.6956393194198608,
    0.6559141969680786,
    0.6461842453479767,
    0.647286171913147,
    0.68316636800766,
    0.6613758897781372,
    0.7022972786426545,
    0.6636660838127136,
    0.6517306530475616,
    0.6591167879104615,
    0.6525122833251953
  ],
  "metrics": {
    "both": {
      "optimistic": {
        "adjusted_arithmetic_mean_rank": 0.7488888888888889,
        "adjusted_arithmetic_mean_rank_index": 0.32331902718168803,
        "adjusted_geometric_mean_rank_index": 0.3280953657776373,
        "adjusted_hits_at_k": 0.5312682915408224,
        "adjusted_inverse_harmonic_mean_rank": 0.12579901849828634,
        "arithmetic_mean_rank": 3.353233830845771,
        "count": 402.0,
        "geometric_mean_rank": 2.6588510838342563,
        "harmonic_mean_rank": 2.165073542697862,
        "hits_at_1": 0.18159203980099503,
        "hits_at_10": 0.9751243781094527,
        "hits_at_3": 0.6766169154228856,
        "hits_at_5": 0.8333333333333334,
        "inverse_arithmetic_mean_rank": 0.2982195845697329,
        "inverse_geometric_mean_rank": 0.3761022969958616,
        "inverse_harmonic_mean_rank": 0.4618780749377764,
        "inverse_median_rank": 0.5,
        "median_absolute_deviation": 1.482602218505602,
        "median_rank": 2.0,
        "standard_deviation": 2.5185089938867224,
        "variance": 6.34288755228831,
        "z_arithmetic_mean_rank": 9.051774966165421,
        "z_geometric_mean_rank": 7.38153035283224,
        "z_hits_at_k": 2.7715277152209694,
        "z_inverse_harmonic_mean_rank": 5.7529646990279275
      },
      "pessimistic": {
        "adjusted_arithmetic_mean_rank": 0.7488888888888889,
        "adjusted_arithmetic_mean_rank_index": 0.32331902718168803,
        "adjusted_geometric_mean_rank_index": 0.3280953657776373,
        "adjusted_hits_at_k": 0.5312682915408224,
        "adjusted_inverse_harmonic_mean_rank": 0.12579901849828634,
        "arithmetic_mean_rank": 3.353233830845771,
        "count": 402.0,
        "geometric_mean_rank": 2.6588510838342563,
        "harmonic_mean_rank": 2.165073542697862,
        "hits_at_1": 0.18159203980099503,
        "hits_at_10": 0.9751243781094527,
        "hits_at_3": 0.6766169154228856,
        "hits_at_5": 0.8333333333333334,
        "inverse_arithmetic_mean_rank": 0.2982195845697329,
        "inverse_geometric_mean_rank": 0.3761022969958616,
        "inverse_harmonic_mean_rank": 0.4618780749377764,
        "inverse_median_rank": 0.5,
        "median_absolute_deviation": 1.482602218505602,
        "median_rank": 2.0,
        "standard_deviation": 2.5185089938867224,
        "variance": 6.34288755228831,
        "z_arithmetic_mean_rank": 9.051774966165421,
        "z_geometric_mean_rank": 7.38153035283224,
        "z_hits_at_k": 2.7715277152209694,
        "z_inverse_harmonic_mean_rank": 5.7529646990279275
      },
      "realistic": {
        "adjusted_arithmetic_mean_rank": 0.7488888851801555,
        "adjusted_arithmetic_mean_rank_index": 0.3233190319568813,
        "adjusted_geometric_mean_rank_index": 0.3280953403151714,
        "adjusted_hits_at_k": 0.5312682915408224,
        "adjusted_inverse_harmonic_mean_rank": 0.12579904474940518,
        "arithmetic_mean_rank": 3.353233814239502,
        "count": 402.0,
        "geometric_mean_rank": 2.658851146697998,
        "harmonic_mean_rank": 2.165073466951373,
        "hits_at_1": 0.18159203980099503,
        "hits_at_10": 0.9751243781094527,
        "hits_at_3": 0.6766169154228856,
        "hits_at_5": 0.8333333333333334,
        "inverse_arithmetic_mean_rank": 0.29821959137916565,
        "inverse_geometric_mean_rank": 0.3761022984981537,
        "inverse_harmonic_mean_rank": 0.4618780910968781,
        "inverse_median_rank": 0.5,
        "median_absolute_deviation": 1.482602218505602,
        "median_rank": 2.0,
        "standard_deviation": 2.5185089111328125,
        "variance": 6.3428874015808105,
        "z_arithmetic_mean_rank": 9.051775099853735,
        "z_geometric_mean_rank": 7.38152977997451,
        "z_hits_at_k": 2.7715277152209694,
        "z_inverse_harmonic_mean_rank": 5.752965899528228
      }
    },
    "head": {
      "optimistic": {
        "adjusted_arithmetic_mean_rank": 0.790405482581382,
        "adjusted_arithmetic_mean_rank_index": 0.2720533728687917,
        "adjusted_geometric_mean_rank_index": 0.2679736161901163,
        "adjusted_hits_at_k": 0.527993461381282,
        "adjusted_inverse_harmonic_mean_rank": 0.09337243097126025,
        "arithmetic_mean_rank": 3.442786069651741,
        "count": 201.0,
        "geometric_mean_rank": 2.7099890746409923,
        "harmonic_mean_rank": 2.188274673994555,
        "hits_at_1": 0.1791044776119403,
        "hits_at_10": 0.9751243781094527,
        "hits_at_3": 0.6517412935323383,
        "hits_at_5": 0.8208955223880597,
        "inverse_arithmetic_mean_rank": 0.2904624277456648,
        "inverse_geometric_mean_rank": 0.36900517768045826,
        "inverse_harmonic_mean_rank": 0.4569810233989338,
        "inverse_median_rank": 0.5,
        "median_absolute_deviation": 1.482602218505602,
        "median_rank": 2.0,
        "standard_deviation": 2.57966795638103,
        "variance": 6.654686765179079,
        "z_arithmetic_mean_rank": 5.287833124934238,
        "z_geometric_mean_rank": 4.263451419044294,
        "z_hits_at_k": 1.9401974453021182,
        "z_inverse_harmonic_mean_rank": 2.949026515158927
      },
      "pessimistic": {
        "adjusted_arithmetic_mean_rank": 0.790405482581382,
        "adjusted_arithmetic_mean_rank_index": 0.2720533728687917,
        "adjusted_geometric_mean_rank_index": 0.2679736161901163,
        "adjusted_hits_at_k": 0.527993461381282,
        "adjusted_inverse_harmonic_mean_rank": 0.09337243097126025,
        "arithmetic_mean_rank": 3.442786069651741,
        "count": 201.0,